/home/pi/mount/UNISON SQUARE GARDEN/01 - UNISON SQUARE GARDEN - サイボーグ99%.flac	-	-	/home/pi/mount/UNISON SQUARE GARDEN/01 - UNISON SQUARE GARDEN - サイボーグ99%.flac	80
/home/pi/mount/UNISON SQUARE GARDEN/08 - イズミカワソラ - タイムカプセル.flac	-	-	/home/pi/mount/UNISON SQUARE GARDEN/08 - イズミカワソラ - タイムカプセル.flac	80
/home/pi/mount/UNISON SQUARE GARDEN/09 - UNISON SQUARE GARDEN - Fool on the planet.flac	-	-	/home/pi/mount/UNISON SQUARE GARDEN/09 - UNISON SQUARE GARDEN - Fool on the planet.flac	80
/home/pi/mount/UNISON SQUARE GARDEN/12 - 斎藤宏介 - 絵の具.flac	-	-	/home/pi/mount/UNISON SQUARE GARDEN/12 - 斎藤宏介 - 絵の具.flac	80
/home/pi/mount/UNISON SQUARE GARDEN/UNISON SQUARE GARDEN - Bee side Sea side ~B-side Collection Album~/01 - 5分後のスターダスト (B.C style).flac	-	-	/home/pi/mount/UNISON SQUARE GARDEN/UNISON SQUARE GARDEN - Bee side Sea side ~B-side Collection Album~/01 - 5分後のスターダスト (B.C style).flac	80
/home/pi/mount/UNISON SQUARE GARDEN/UNISON SQUARE GARDEN - Bee side Sea side ~B-side Collection Album~/01 - ピストルギャラクシー.flac	-	-	/home/pi/mount/UNISON SQUARE GARDEN/UNISON SQUARE GARDEN - Bee side Sea side ~B-side Collection Album~/01 - ピストルギャラクシー.flac	80
/home/pi/mount/UNISON SQUARE GARDEN/UNISON SQUARE GARDEN - Bee side Sea side ~B-side Collection Album~/02 - ガリレオのショーケース (D.A style).flac	-	-	/home/pi/mount/UNISON SQUARE GARDEN/UNISON SQUARE GARDEN - Bee side Sea side ~B-side Collection Album~/02 - ガリレオのショーケース (D.A style).flac	80
/home/pi/mount/UNISON SQUARE GARDEN/UNISON SQUARE GARDEN - Bee side Sea side ~B-side Collection Album~/02 - 三月物語.flac	-	-	/home/pi/mount/UNISON SQUARE GARDEN/UNISON SQUARE GARDEN - Bee side Sea side ~B-side Collection Album~/02 - 三月物語.flac	80
/home/pi/mount/UNISON SQUARE GARDEN/UNISON SQUARE GARDEN - Bee side Sea side ~B-side Collection Album~/03 - I wanna believe、夜を行く (B.C mix).flac	-	-	/home/pi/mount/UNISON SQUARE GARDEN/UNISON SQUARE GARDEN - Bee side Sea side ~B-side Collection Album~/03 - I wanna believe、夜を行く (B.C mix).flac	80
/home/pi/mount/UNISON SQUARE GARDEN/UNISON SQUARE GARDEN - Bee side Sea side ~B-side Collection Album~/03 - 一人思うは雨の中 (B.C mix).flac	-	-	/home/pi/mount/UNISON SQUARE GARDEN/UNISON SQUARE GARDEN - Bee side Sea side ~B-side Collection Album~/03 - 一人思うは雨の中 (B.C mix).flac	80
/home/pi/mount/UNISON SQUARE GARDEN/UNISON SQUARE GARDEN - Bee side Sea side ~B-side Collection Album~/04 - シグナルABC.flac	-	-	/home/pi/mount/UNISON SQUARE GARDEN/UNISON SQUARE GARDEN - Bee side Sea side ~B-side Collection Album~/04 - シグナルABC.flac	80
/home/pi/mount/UNISON SQUARE GARDEN/UNISON SQUARE GARDEN - Bee side Sea side ~B-side Collection Album~/04 - スノウリバース (B.C style).flac	-	-	/home/pi/mount/UNISON SQUARE GARDEN/UNISON SQUARE GARDEN - Bee side Sea side ~B-side Collection Album~/04 - スノウリバース (B.C style).flac	80
/home/pi/mount/UNISON SQUARE GARDEN/UNISON SQUARE GARDEN - Bee side Sea side ~B-side Collection Album~/05 - ギャクテンサヨナラ (B.C style).flac	-	-	/home/pi/mount/UNISON SQUARE GARDEN/UNISON SQUARE GARDEN - Bee side Sea side ~B-side Collection Album~/05 - ギャクテンサヨナラ (B.C style).flac	80
/home/pi/mount/UNISON SQUARE GARDEN/UNISON SQUARE GARDEN - Bee side Sea side ~B-side Collection Album~/05 - 東京シナリオ.flac	-	-	/home/pi/mount/UNISON SQUARE GARDEN/UNISON SQUARE GARDEN - Bee side Sea side ~B-side Collection Album~/05 - 東京シナリオ.flac	80
/home/pi/mount/UNISON SQUARE GARDEN/UNISON SQUARE GARDEN - Bee side Sea side ~B-side Collection Album~/06 - RUNNERS HIGH REPRISE.flac	-	-	/home/pi/mount/UNISON SQUARE GARDEN/UNISON SQUARE GARDEN - Bee side Sea side ~B-side Collection Album~/06 - RUNNERS HIGH REPRISE.flac	80
/home/pi/mount/UNISON SQUARE GARDEN/UNISON SQUARE GARDEN - Bee side Sea side ~B-side Collection Album~/06 - 空の飛び方 (B.C mix).flac	-	-	/home/pi/mount/UNISON SQUARE GARDEN/UNISON SQUARE GARDEN - Bee side Sea side ~B-side Collection Album~/06 - 空の飛び方 (B.C mix).flac	80
/home/pi/mount/UNISON SQUARE GARDEN/UNISON SQUARE GARDEN - Bee side Sea side ~B-side Collection Album~/07 - flat song.flac	-	-	/home/pi/mount/UNISON SQUARE GARDEN/UNISON SQUARE GARDEN - Bee side Sea side ~B-side Collection Album~/07 - flat song.flac	80
/home/pi/mount/UNISON SQUARE GARDEN/UNISON SQUARE GARDEN - Bee side Sea side ~B-side Collection Album~/07 - 僕は君になりたい (B.C mix).flac	-	-	/home/pi/mount/UNISON SQUARE GARDEN/UNISON SQUARE GARDEN - Bee side Sea side ~B-side Collection Album~/07 - 僕は君になりたい (B.C mix).flac	80
/home/pi/mount/UNISON SQUARE GARDEN/UNISON SQUARE GARDEN - Bee side Sea side ~B-side Collection Album~/08 - UNOストーリー (B.C mix).flac	-	-	/home/pi/mount/UNISON SQUARE GARDEN/UNISON SQUARE GARDEN - Bee side Sea side ~B-side Collection Album~/08 - UNOストーリー (B.C mix).flac	80
/home/pi/mount/UNISON SQUARE GARDEN/UNISON SQUARE GARDEN - Bee side Sea side ~B-side Collection Album~/08 - スノウループ.flac	-	-	/home/pi/mount/UNISON SQUARE GARDEN/UNISON SQUARE GARDEN - Bee side Sea side ~B-side Collection Album~/08 - スノウループ.flac	80
/home/pi/mount/UNISON SQUARE GARDEN/UNISON SQUARE GARDEN - Bee side Sea side ~B-side Collection Album~/09 - over driver (B.C mix).flac	-	-	/home/pi/mount/UNISON SQUARE GARDEN/UNISON SQUARE GARDEN - Bee side Sea side ~B-side Collection Album~/09 - over driver (B.C mix).flac	80
/home/pi/mount/UNISON SQUARE GARDEN/UNISON SQUARE GARDEN - Bee side Sea side ~B-side Collection Album~/09 - サンタクロースは渋滞中.flac	-	-	/home/pi/mount/UNISON SQUARE GARDEN/UNISON SQUARE GARDEN - Bee side Sea side ~B-side Collection Album~/09 - サンタクロースは渋滞中.flac	80
/home/pi/mount/UNISON SQUARE GARDEN/UNISON SQUARE GARDEN - Bee side Sea side ~B-side Collection Album~/10 - さよならサマータイムマシン (B.C mix).flac	-	-	/home/pi/mount/UNISON SQUARE GARDEN/UNISON SQUARE GARDEN - Bee side Sea side ~B-side Collection Album~/10 - さよならサマータイムマシン (B.C mix).flac	80
/home/pi/mount/UNISON SQUARE GARDEN/UNISON SQUARE GARDEN - Bee side Sea side ~B-side Collection Album~/10 - リトルタイムストップ.flac	-	-	/home/pi/mount/UNISON SQUARE GARDEN/UNISON SQUARE GARDEN - Bee side Sea side ~B-side Collection Album~/10 - リトルタイムストップ.flac	80
/home/pi/mount/UNISON SQUARE GARDEN/UNISON SQUARE GARDEN - Bee side Sea side ~B-side Collection Album~/11 - きみはいい子.flac	-	-	/home/pi/mount/UNISON SQUARE GARDEN/UNISON SQUARE GARDEN - Bee side Sea side ~B-side Collection Album~/11 - きみはいい子.flac	80
/home/pi/mount/UNISON SQUARE GARDEN/UNISON SQUARE GARDEN - Bee side Sea side ~B-side Collection Album~/11 - 誰かが忘れているかもしれない僕らに大事な001のこと (D.A mix).flac	-	-	/home/pi/mount/UNISON SQUARE GARDEN/UNISON SQUARE GARDEN - Bee side Sea side ~B-side Collection Album~/11 - 誰かが忘れているかもしれない僕らに大事な001のこと (D.A mix).flac	80
/home/pi/mount/UNISON SQUARE GARDEN/UNISON SQUARE GARDEN - Bee side Sea side ~B-side Collection Album~/12 - さわれない歌.flac	-	-	/home/pi/mount/UNISON SQUARE GARDEN/UNISON SQUARE GARDEN - Bee side Sea side ~B-side Collection Album~/12 - さわれない歌.flac	80
/home/pi/mount/UNISON SQUARE GARDEN/UNISON SQUARE GARDEN - Bee side Sea side ~B-side Collection Album~/12 - ラディアルナイトチェイサー.flac	-	-	/home/pi/mount/UNISON SQUARE GARDEN/UNISON SQUARE GARDEN - Bee side Sea side ~B-side Collection Album~/12 - ラディアルナイトチェイサー.flac	80
/home/pi/mount/UNISON SQUARE GARDEN/UNISON SQUARE GARDEN - Bee side Sea side ~B-side Collection Album~/13 - Micro Paradiso.flac	-	-	/home/pi/mount/UNISON SQUARE GARDEN/UNISON SQUARE GARDEN - Bee side Sea side ~B-side Collection Album~/13 - Micro Paradiso.flac	80
/home/pi/mount/UNISON SQUARE GARDEN/UNISON SQUARE GARDEN - Bee side Sea side ~B-side Collection Album~/13 - 三日月の夜の真ん中 (B.C mix).flac	-	-	/home/pi/mount/UNISON SQUARE GARDEN/UNISON SQUARE GARDEN - Bee side Sea side ~B-side Collection Album~/13 - 三日月の夜の真ん中 (B.C mix).flac	80
/home/pi/mount/UNISON SQUARE GARDEN/UNISON SQUARE GARDEN - Bee side Sea side ~B-side Collection Album~/14 - たらればわたがし.flac	-	-	/home/pi/mount/UNISON SQUARE GARDEN/UNISON SQUARE GARDEN - Bee side Sea side ~B-side Collection Album~/14 - たらればわたがし.flac	80
/home/pi/mount/UNISON SQUARE GARDEN/UNISON SQUARE GARDEN - Bee side Sea side ~B-side Collection Album~/14 - ラブソングは突然に~What is the name of that mystery~.flac	-	-	/home/pi/mount/UNISON SQUARE GARDEN/UNISON SQUARE GARDEN - Bee side Sea side ~B-side Collection Album~/14 - ラブソングは突然に~What is the name of that mystery~.flac	80
/home/pi/mount/UNISON SQUARE GARDEN/UNISON SQUARE GARDEN - Bee side Sea side ~B-side Collection Album~/15 - ここで会ったがけもの道.flac	-	-	/home/pi/mount/UNISON SQUARE GARDEN/UNISON SQUARE GARDEN - Bee side Sea side ~B-side Collection Album~/15 - ここで会ったがけもの道.flac	80
/home/pi/mount/UNISON SQUARE GARDEN/UNISON SQUARE GARDEN - Bee side Sea side ~B-side Collection Album~/15 - ノンフィクションコンパス (B.C mix).flac	-	-	/home/pi/mount/UNISON SQUARE GARDEN/UNISON SQUARE GARDEN - Bee side Sea side ~B-side Collection Album~/15 - ノンフィクションコンパス (B.C mix).flac	80
/home/pi/mount/UNISON SQUARE GARDEN/UNISON SQUARE GARDEN - Bee side Sea side ~B-side Collection Album~/16 - セク×カラ×シソンズール.flac	-	-	/home/pi/mount/UNISON SQUARE GARDEN/UNISON SQUARE GARDEN - Bee side Sea side ~B-side Collection Album~/16 - セク×カラ×シソンズール.flac	80
/home/pi/mount/UNISON SQUARE GARDEN/UNISON SQUARE GARDEN - Bee side Sea side ~B-side Collection Album~/16 - プログラムcontinued (15th style).flac	-	-	/home/pi/mount/UNISON SQUARE GARDEN/UNISON SQUARE GARDEN - Bee side Sea side ~B-side Collection Album~/16 - プログラムcontinued (15th style).flac	80
/home/pi/mount/UNISON SQUARE GARDEN/UNISON SQUARE GARDEN - CIDER ROAD/01 - to the CIDER ROAD.flac	-	-	/home/pi/mount/UNISON SQUARE GARDEN/UNISON SQUARE GARDEN - CIDER ROAD/01 - to the CIDER ROAD.flac	80
/home/pi/mount/UNISON SQUARE GARDEN/UNISON SQUARE GARDEN - CIDER ROAD/02 - ため息 shooting the MOON.flac	-	-	/home/pi/mount/UNISON SQUARE GARDEN/UNISON SQUARE GARDEN - CIDER ROAD/02 - ため息 shooting the MOON.flac	80
/home/pi/mount/UNISON SQUARE GARDEN/UNISON SQUARE GARDEN - CIDER ROAD/03 - リニアブルーを聴きながら (「劇場版 TIGER&BUNNY The Beginning」主題歌).flac	-	-	/home/pi/mount/UNISON SQUARE GARDEN/UNISON SQUARE GARDEN - CIDER ROAD/03 - リニアブルーを聴きながら (「劇場版 TIGER&BUNNY The Beginning」主題歌).flac	80
/home/pi/mount/UNISON SQUARE GARDEN/UNISON SQUARE GARDEN - CIDER ROAD/04 - like coffeeのおまじない.flac	-	-	/home/pi/mount/UNISON SQUARE GARDEN/UNISON SQUARE GARDEN - CIDER ROAD/04 - like coffeeのおまじない.flac	80
/home/pi/mount/UNISON SQUARE GARDEN/UNISON SQUARE GARDEN - CIDER ROAD/05 - お人好しカメレオン.flac	-	-	/home/pi/mount/UNISON SQUARE GARDEN/UNISON SQUARE GARDEN - CIDER ROAD/05 - お人好しカメレオン.flac	80
/home/pi/mount/UNISON SQUARE GARDEN/UNISON SQUARE GARDEN - CIDER ROAD/06 - 光のどけき春の日に.flac	-	-	/home/pi/mount/UNISON SQUARE GARDEN/UNISON SQUARE GARDEN - CIDER ROAD/06 - 光のどけき春の日に.flac	80
/home/pi/mount/UNISON SQUARE GARDEN/UNISON SQUARE GARDEN - CIDER ROAD/07 - クロスハート1号線 (advantage in a long time).flac	-	-	/home/pi/mount/UNISON SQUARE GARDEN/UNISON SQUARE GARDEN - CIDER ROAD/07 - クロスハート1号線 (advantage in a long time).flac	80
/home/pi/mount/UNISON SQUARE GARDEN/UNISON SQUARE GARDEN - CIDER ROAD/08 - セレナーデが止まらない.flac	-	-	/home/pi/mount/UNISON SQUARE GARDEN/UNISON SQUARE GARDEN - CIDER ROAD/08 - セレナーデが止まらない.flac	80
/home/pi/mount/UNISON SQUARE GARDEN/UNISON SQUARE GARDEN - CIDER ROAD/09 - 流星のスコール.flac	-	-	/home/pi/mount/UNISON SQUARE GARDEN/UNISON SQUARE GARDEN - CIDER ROAD/09 - 流星のスコール.flac	80
/home/pi/mount/UNISON SQUARE GARDEN/UNISON SQUARE GARDEN - CIDER ROAD/10 - Miss.サンディ.flac	-	-	/home/pi/mount/UNISON SQUARE GARDEN/UNISON SQUARE GARDEN - CIDER ROAD/10 - Miss.サンディ.flac	80
/home/pi/mount/UNISON SQUARE GARDEN/UNISON SQUARE GARDEN - CIDER ROAD/11 - crazy birthday.flac	-	-	/home/pi/mount/UNISON SQUARE GARDEN/UNISON SQUARE GARDEN - CIDER ROAD/11 - crazy birthday.flac	80
/home/pi/mount/UNISON SQUARE GARDEN/UNISON SQUARE GARDEN - CIDER ROAD/12 - 君はともだち.flac	-	-	/home/pi/mount/UNISON SQUARE GARDEN/UNISON SQUARE GARDEN - CIDER ROAD/12 - 君はともだち.flac	80
/home/pi/mount/UNISON SQUARE GARDEN/UNISON SQUARE GARDEN - CIDER ROAD/13 - シャンデリア・ワルツ.flac	-	-	/home/pi/mount/UNISON SQUARE GARDEN/UNISON SQUARE GARDEN - CIDER ROAD/13 - シャンデリア・ワルツ.flac	80
/home/pi/mount/UNISON SQUARE GARDEN/UNISON SQUARE GARDEN - Catcher In The Spy (disc 1)/01 - サイレンインザスパイ.flac	-	-	/home/pi/mount/UNISON SQUARE GARDEN/UNISON SQUARE GARDEN - Catcher In The Spy (disc 1)/01 - サイレンインザスパイ.flac	80
/home/pi/mount/UNISON SQUARE GARDEN/UNISON SQUARE GARDEN - Catcher In The Spy (disc 1)/02 - シューゲイザースピーカー.flac	-	-	/home/pi/mount/UNISON SQUARE GARDEN/UNISON SQUARE GARDEN - Catcher In The Spy (disc 1)/02 - シューゲイザースピーカー.flac	80
/home/pi/mount/UNISON SQUARE GARDEN/UNISON SQUARE GARDEN - Catcher In The Spy (disc 1)/03 - 桜のあと (all quartets lead to the_).flac	-	-	/home/pi/mount/UNISON SQUARE GARDEN/UNISON SQUARE GARDEN - Catcher In The Spy (disc 1)/03 - 桜のあと (all quartets lead to the_).flac	80
/home/pi/mount/UNISON SQUARE GARDEN/UNISON SQUARE GARDEN - Catcher In The Spy (disc 1)/04 - 蒙昧termination.flac	-	-	/home/pi/mount/UNISON SQUARE GARDEN/UNISON SQUARE GARDEN - Catcher In The Spy (disc 1)/04 - 蒙昧termination.flac	80
/home/pi/mount/UNISON SQUARE GARDEN/UNISON SQUARE GARDEN - Catcher In The Spy (disc 1)/05 - 君が大人になってしまう前に.flac	-	-	/home/pi/mount/UNISON SQUARE GARDEN/UNISON SQUARE GARDEN - Catcher In The Spy (disc 1)/05 - 君が大人になってしまう前に.flac	80
/home/pi/mount/UNISON SQUARE GARDEN/UNISON SQUARE GARDEN - Catcher In The Spy (disc 1)/06 - メカトル時空探検隊.flac	-	-	/home/pi/mount/UNISON SQUARE GARDEN/UNISON SQUARE GARDEN - Catcher In The Spy (disc 1)/06 - メカトル時空探検隊.flac	80
/home/pi/mount/UNISON SQUARE GARDEN/UNISON SQUARE GARDEN - Catcher In The Spy (disc 1)/07 - 流れ星を撃ち落せ.flac	-	-	/home/pi/mount/UNISON SQUARE GARDEN/UNISON SQUARE GARDEN - Catcher In The Spy (disc 1)/07 - 流れ星を撃ち落せ.flac	80
/home/pi/mount/UNISON SQUARE GARDEN/UNISON SQUARE GARDEN - Catcher In The Spy (disc 1)/08 - 何かが変わりそう.flac	-	-	/home/pi/mount/UNISON SQUARE GARDEN/UNISON SQUARE GARDEN - Catcher In The Spy (disc 1)/08 - 何かが変わりそう.flac	80
/home/pi/mount/UNISON SQUARE GARDEN/UNISON SQUARE GARDEN - Catcher In The Spy (disc 1)/09 - harmonized finale.flac	-	-	/home/pi/mount/UNISON SQUARE GARDEN/UNISON SQUARE GARDEN - Catcher In The Spy (disc 1)/09 - harmonized finale.flac	80
/home/pi/mount/UNISON SQUARE GARDEN/UNISON SQUARE GARDEN - Catcher In The Spy (disc 1)/10 - 天国と地獄.flac	-	-	/home/pi/mount/UNISON SQUARE GARDEN/UNISON SQUARE GARDEN - Catcher In The Spy (disc 1)/10 - 天国と地獄.flac	80
/home/pi/mount/UNISON SQUARE GARDEN/UNISON SQUARE GARDEN - Catcher In The Spy (disc 1)/11 - instant EGOIST.flac	-	-	/home/pi/mount/UNISON SQUARE GARDEN/UNISON SQUARE GARDEN - Catcher In The Spy (disc 1)/11 - instant EGOIST.flac	80
/home/pi/mount/UNISON SQUARE GARDEN/UNISON SQUARE GARDEN - Catcher In The Spy (disc 1)/12 - 黄昏インザスパイ.flac	-	-	/home/pi/mount/UNISON SQUARE GARDEN/UNISON SQUARE GARDEN - Catcher In The Spy (disc 1)/12 - 黄昏インザスパイ.flac	80
/home/pi/mount/UNISON SQUARE GARDEN/UNISON SQUARE GARDEN - DUGOUT ACCIDENT/01 - アンドロメダ.flac	-	-	/home/pi/mount/UNISON SQUARE GARDEN/UNISON SQUARE GARDEN - DUGOUT ACCIDENT/01 - アンドロメダ.flac	80
/home/pi/mount/UNISON SQUARE GARDEN/UNISON SQUARE GARDEN - DUGOUT ACCIDENT/02 - フルカラープログラム (D.A style).flac	-	-	/home/pi/mount/UNISON SQUARE GARDEN/UNISON SQUARE GARDEN - DUGOUT ACCIDENT/02 - フルカラープログラム (D.A style).flac	80
/home/pi/mount/UNISON SQUARE GARDEN/UNISON SQUARE GARDEN - DUGOUT ACCIDENT/03 - 徹頭徹尾夜な夜なドライブ.flac	-	-	/home/pi/mount/UNISON SQUARE GARDEN/UNISON SQUARE GARDEN - DUGOUT ACCIDENT/03 - 徹頭徹尾夜な夜なドライブ.flac	80
/home/pi/mount/UNISON SQUARE GARDEN/UNISON SQUARE GARDEN - DUGOUT ACCIDENT/04 - ガリレオのショーケース (D.A style).flac	-	-	/home/pi/mount/UNISON SQUARE GARDEN/UNISON SQUARE GARDEN - DUGOUT ACCIDENT/04 - ガリレオのショーケース (D.A style).flac	80
/home/pi/mount/UNISON SQUARE GARDEN/UNISON SQUARE GARDEN - DUGOUT ACCIDENT/05 - 23_25 (D.A mix).flac	-	-	/home/pi/mount/UNISON SQUARE GARDEN/UNISON SQUARE GARDEN - DUGOUT ACCIDENT/05 - 23_25 (D.A mix).flac	80
/home/pi/mount/UNISON SQUARE GARDEN/UNISON SQUARE GARDEN - DUGOUT ACCIDENT/06 - 夕凪、アンサンブル.flac	-	-	/home/pi/mount/UNISON SQUARE GARDEN/UNISON SQUARE GARDEN - DUGOUT ACCIDENT/06 - 夕凪、アンサンブル.flac	80
/home/pi/mount/UNISON SQUARE GARDEN/UNISON SQUARE GARDEN - DUGOUT ACCIDENT/07 - kid, I like quartet (D.A mix).flac	-	-	/home/pi/mount/UNISON SQUARE GARDEN/UNISON SQUARE GARDEN - DUGOUT ACCIDENT/07 - kid, I like quartet (D.A mix).flac	80
/home/pi/mount/UNISON SQUARE GARDEN/UNISON SQUARE GARDEN - DUGOUT ACCIDENT/08 - 誰かが忘れているかもしれない僕らに大事な001のこと (D.A mix).flac	-	-	/home/pi/mount/UNISON SQUARE GARDEN/UNISON SQUARE GARDEN - DUGOUT ACCIDENT/08 - 誰かが忘れているかもしれない僕らに大事な001のこと (D.A mix).flac	80
/home/pi/mount/UNISON SQUARE GARDEN/UNISON SQUARE GARDEN - DUGOUT ACCIDENT/09 - 天国と地獄.flac	-	-	/home/pi/mount/UNISON SQUARE GARDEN/UNISON SQUARE GARDEN - DUGOUT ACCIDENT/09 - 天国と地獄.flac	80
/home/pi/mount/UNISON SQUARE GARDEN/UNISON SQUARE GARDEN - DUGOUT ACCIDENT/10 - 未完成デイジー (D.A mix).flac	-	-	/home/pi/mount/UNISON SQUARE GARDEN/UNISON SQUARE GARDEN - DUGOUT ACCIDENT/10 - 未完成デイジー (D.A mix).flac	80
/home/pi/mount/UNISON SQUARE GARDEN/UNISON SQUARE GARDEN - DUGOUT ACCIDENT/11 - シャンデリア・ワルツ.flac	-	-	/home/pi/mount/UNISON SQUARE GARDEN/UNISON SQUARE GARDEN - DUGOUT ACCIDENT/11 - シャンデリア・ワルツ.flac	80
/home/pi/mount/UNISON SQUARE GARDEN/UNISON SQUARE GARDEN - DUGOUT ACCIDENT/12 - 場違いハミングバード (D.A mix).flac	-	-	/home/pi/mount/UNISON SQUARE GARDEN/UNISON SQUARE GARDEN - DUGOUT ACCIDENT/12 - 場違いハミングバード (D.A mix).flac	80
/home/pi/mount/UNISON SQUARE GARDEN/UNISON SQUARE GARDEN - DUGOUT ACCIDENT/13 - 箱庭ロック・ショー (D.A style).flac	-	-	/home/pi/mount/UNISON SQUARE GARDEN/UNISON SQUARE GARDEN - DUGOUT ACCIDENT/13 - 箱庭ロック・ショー (D.A style).flac	80
/home/pi/mount/UNISON SQUARE GARDEN/UNISON SQUARE GARDEN - DUGOUT ACCIDENT/14 - クローバー (D.A mix).flac	-	-	/home/pi/mount/UNISON SQUARE GARDEN/UNISON SQUARE GARDEN - DUGOUT ACCIDENT/14 - クローバー (D.A mix).flac	80
/home/pi/mount/UNISON SQUARE GARDEN/UNISON SQUARE GARDEN - DUGOUT ACCIDENT/15 - プログラムcontinued.flac	-	-	/home/pi/mount/UNISON SQUARE GARDEN/UNISON SQUARE GARDEN - DUGOUT ACCIDENT/15 - プログラムcontinued.flac	80
/home/pi/mount/UNISON SQUARE GARDEN/UNISON SQUARE GARDEN - DUGOUT ACCIDENT/16 - さわれない歌.flac	-	-	/home/pi/mount/UNISON SQUARE GARDEN/UNISON SQUARE GARDEN - DUGOUT ACCIDENT/16 - さわれない歌.flac	80
/home/pi/mount/UNISON SQUARE GARDEN/UNISON SQUARE GARDEN - Dr.Izzy/01 - エアリアルエイリアン.flac	-	-	/home/pi/mount/UNISON SQUARE GARDEN/UNISON SQUARE GARDEN - Dr.Izzy/01 - エアリアルエイリアン.flac	80
/home/pi/mount/UNISON SQUARE GARDEN/UNISON SQUARE GARDEN - Dr.Izzy/02 - アトラクションがはじまる(they call it “NO.6”).flac	-	-	/home/pi/mount/UNISON SQUARE GARDEN/UNISON SQUARE GARDEN - Dr.Izzy/02 - アトラクションがはじまる(they call it “NO.6”).flac	80
/home/pi/mount/UNISON SQUARE GARDEN/UNISON SQUARE GARDEN - Dr.Izzy/03 - シュガーソングとビターステップ.flac	-	-	/home/pi/mount/UNISON SQUARE GARDEN/UNISON SQUARE GARDEN - Dr.Izzy/03 - シュガーソングとビターステップ.flac	80
/home/pi/mount/UNISON SQUARE GARDEN/UNISON SQUARE GARDEN - Dr.Izzy/04 - マイノリティ・リポート(darling, I love you).flac	-	-	/home/pi/mount/UNISON SQUARE GARDEN/UNISON SQUARE GARDEN - Dr.Izzy/04 - マイノリティ・リポート(darling, I love you).flac	80
/home/pi/mount/UNISON SQUARE GARDEN/UNISON SQUARE GARDEN - Dr.Izzy/05 - オトノバ中間試験.flac	-	-	/home/pi/mount/UNISON SQUARE GARDEN/UNISON SQUARE GARDEN - Dr.Izzy/05 - オトノバ中間試験.flac	80
/home/pi/mount/UNISON SQUARE GARDEN/UNISON SQUARE GARDEN - Dr.Izzy/06 - マジョリティ・リポート(darling, I love you).flac	-	-	/home/pi/mount/UNISON SQUARE GARDEN/UNISON SQUARE GARDEN - Dr.Izzy/06 - マジョリティ・リポート(darling, I love you).flac	80
/home/pi/mount/UNISON SQUARE GARDEN/UNISON SQUARE GARDEN - Dr.Izzy/07 - BUSTER DICE MISERY.flac	-	-	/home/pi/mount/UNISON SQUARE GARDEN/UNISON SQUARE GARDEN - Dr.Izzy/07 - BUSTER DICE MISERY.flac	80
/home/pi/mount/UNISON SQUARE GARDEN/UNISON SQUARE GARDEN - Dr.Izzy/08 - パンデミックサドンデス.flac	-	-	/home/pi/mount/UNISON SQUARE GARDEN/UNISON SQUARE GARDEN - Dr.Izzy/08 - パンデミックサドンデス.flac	80
/home/pi/mount/UNISON SQUARE GARDEN/UNISON SQUARE GARDEN - Dr.Izzy/09 - 8月、昼中の流れ星と飛行機雲.flac	-	-	/home/pi/mount/UNISON SQUARE GARDEN/UNISON SQUARE GARDEN - Dr.Izzy/09 - 8月、昼中の流れ星と飛行機雲.flac	80
/home/pi/mount/UNISON SQUARE GARDEN/UNISON SQUARE GARDEN - Dr.Izzy/10 - フライデイノベルス.flac	-	-	/home/pi/mount/UNISON SQUARE GARDEN/UNISON SQUARE GARDEN - Dr.Izzy/10 - フライデイノベルス.flac	80
/home/pi/mount/UNISON SQUARE GARDEN/UNISON SQUARE GARDEN - Dr.Izzy/11 - mix juiceのいうとおり.flac	-	-	/home/pi/mount/UNISON SQUARE GARDEN/UNISON SQUARE GARDEN - Dr.Izzy/11 - mix juiceのいうとおり.flac	80
/home/pi/mount/UNISON SQUARE GARDEN/UNISON SQUARE GARDEN - Dr.Izzy/12 - Cheap Cheap Endroll.flac	-	-	/home/pi/mount/UNISON SQUARE GARDEN/UNISON SQUARE GARDEN - Dr.Izzy/12 - Cheap Cheap Endroll.flac	80
/home/pi/mount/UNISON SQUARE GARDEN/UNISON SQUARE GARDEN - JET CO/01 - メッセンジャーフロム全世界.flac	-	-	/home/pi/mount/UNISON SQUARE GARDEN/UNISON SQUARE GARDEN - JET CO/01 - メッセンジャーフロム全世界.flac	80
/home/pi/mount/UNISON SQUARE GARDEN/UNISON SQUARE GARDEN - JET CO/02 - コーヒーカップシンドローム.flac	-	-	/home/pi/mount/UNISON SQUARE GARDEN/UNISON SQUARE GARDEN - JET CO/02 - コーヒーカップシンドローム.flac	80
/home/pi/mount/UNISON SQUARE GARDEN/UNISON SQUARE GARDEN - JET CO/03 - チャイルドフッド・スーパーノヴァ.flac	-	-	/home/pi/mount/UNISON SQUARE GARDEN/UNISON SQUARE GARDEN - JET CO/03 - チャイルドフッド・スーパーノヴァ.flac	80
/home/pi/mount/UNISON SQUARE GARDEN/UNISON SQUARE GARDEN - JET CO/04 - cody beats.flac	-	-	/home/pi/mount/UNISON SQUARE GARDEN/UNISON SQUARE GARDEN - JET CO/04 - cody beats.flac	80
/home/pi/mount/UNISON SQUARE GARDEN/UNISON SQUARE GARDEN - JET CO/05 - 気まぐれ雑踏.flac	-	-	/home/pi/mount/UNISON SQUARE GARDEN/UNISON SQUARE GARDEN - JET CO/05 - 気まぐれ雑踏.flac	80
/home/pi/mount/UNISON SQUARE GARDEN/UNISON SQUARE GARDEN - JET CO/06 - キライ = キライ.flac	-	-	/home/pi/mount/UNISON SQUARE GARDEN/UNISON SQUARE GARDEN - JET CO/06 - キライ = キライ.flac	80
/home/pi/mount/UNISON SQUARE GARDEN/UNISON SQUARE GARDEN - JET CO/07 - ライドオンタイム.flac	-	-	/home/pi/mount/UNISON SQUARE GARDEN/UNISON SQUARE GARDEN - JET CO/07 - ライドオンタイム.flac	80
/home/pi/mount/UNISON SQUARE GARDEN/UNISON SQUARE GARDEN - JET CO/08 - meet the world time.flac	-	-	/home/pi/mount/UNISON SQUARE GARDEN/UNISON SQUARE GARDEN - JET CO/08 - meet the world time.flac	80
/home/pi/mount/UNISON SQUARE GARDEN/UNISON SQUARE GARDEN - JET CO/09 - 夜が揺れている.flac	-	-	/home/pi/mount/UNISON SQUARE GARDEN/UNISON SQUARE GARDEN - JET CO/09 - 夜が揺れている.flac	80
/home/pi/mount/UNISON SQUARE GARDEN/UNISON SQUARE GARDEN - JET CO/10 - アイラブニージュー.flac	-	-	/home/pi/mount/UNISON SQUARE GARDEN/UNISON SQUARE GARDEN - JET CO/10 - アイラブニージュー.flac	80
/home/pi/mount/UNISON SQUARE GARDEN/UNISON SQUARE GARDEN - JET CO/11 - スノウアンサー.flac	-	-	/home/pi/mount/UNISON SQUARE GARDEN/UNISON SQUARE GARDEN - JET CO/11 - スノウアンサー.flac	80
/home/pi/mount/UNISON SQUARE GARDEN/UNISON SQUARE GARDEN - JET CO/12 - 23_25.flac	-	-	/home/pi/mount/UNISON SQUARE GARDEN/UNISON SQUARE GARDEN - JET CO/12 - 23_25.flac	80
/home/pi/mount/UNISON SQUARE GARDEN/UNISON SQUARE GARDEN - MODE MOOD MODE/01 - Own Civilization (nano-mile met).flac	-	-	/home/pi/mount/UNISON SQUARE GARDEN/UNISON SQUARE GARDEN - MODE MOOD MODE/01 - Own Civilization (nano-mile met).flac	80
/home/pi/mount/UNISON SQUARE GARDEN/UNISON SQUARE GARDEN - MODE MOOD MODE/02 - Dizzy Trickster.flac	-	-	/home/pi/mount/UNISON SQUARE GARDEN/UNISON SQUARE GARDEN - MODE MOOD MODE/02 - Dizzy Trickster.flac	80
/home/pi/mount/UNISON SQUARE GARDEN/UNISON SQUARE GARDEN - MODE MOOD MODE/03 - オーケストラを観にいこう.flac	-	-	/home/pi/mount/UNISON SQUARE GARDEN/UNISON SQUARE GARDEN - MODE MOOD MODE/03 - オーケストラを観にいこう.flac	80
/home/pi/mount/UNISON SQUARE GARDEN/UNISON SQUARE GARDEN - MODE MOOD MODE/04 - fake town baby.flac	-	-	/home/pi/mount/UNISON SQUARE GARDEN/UNISON SQUARE GARDEN - MODE MOOD MODE/04 - fake town baby.flac	80
/home/pi/mount/UNISON SQUARE GARDEN/UNISON SQUARE GARDEN - MODE MOOD MODE/05 - 静謐甘美秋暮抒情.flac	-	-	/home/pi/mount/UNISON SQUARE GARDEN/UNISON SQUARE GARDEN - MODE MOOD MODE/05 - 静謐甘美秋暮抒情.flac	80
/home/pi/mount/UNISON SQUARE GARDEN/UNISON SQUARE GARDEN - MODE MOOD MODE/06 - Silent Libre Mirage.flac	-	-	/home/pi/mount/UNISON SQUARE GARDEN/UNISON SQUARE GARDEN - MODE MOOD MODE/06 - Silent Libre Mirage.flac	80
/home/pi/mount/UNISON SQUARE GARDEN/UNISON SQUARE GARDEN - MODE MOOD MODE/07 - MIDNIGHT JUNGLE.flac	-	-	/home/pi/mount/UNISON SQUARE GARDEN/UNISON SQUARE GARDEN - MODE MOOD MODE/07 - MIDNIGHT JUNGLE.flac	80
/home/pi/mount/UNISON SQUARE GARDEN/UNISON SQUARE GARDEN - MODE MOOD MODE/08 - フィクションフリーククライシス.flac	-	-	/home/pi/mount/UNISON SQUARE GARDEN/UNISON SQUARE GARDEN - MODE MOOD MODE/08 - フィクションフリーククライシス.flac	80
/home/pi/mount/UNISON SQUARE GARDEN/UNISON SQUARE GARDEN - MODE MOOD MODE/09 - Invisible Sensation.flac	-	-	/home/pi/mount/UNISON SQUARE GARDEN/UNISON SQUARE GARDEN - MODE MOOD MODE/09 - Invisible Sensation.flac	80
/home/pi/mount/UNISON SQUARE GARDEN/UNISON SQUARE GARDEN - MODE MOOD MODE/10 - 夢が覚めたら(at that river).flac	-	-	/home/pi/mount/UNISON SQUARE GARDEN/UNISON SQUARE GARDEN - MODE MOOD MODE/10 - 夢が覚めたら(at that river).flac	80
/home/pi/mount/UNISON SQUARE GARDEN/UNISON SQUARE GARDEN - MODE MOOD MODE/11 - 10% roll, 10% romance.flac	-	-	/home/pi/mount/UNISON SQUARE GARDEN/UNISON SQUARE GARDEN - MODE MOOD MODE/11 - 10% roll, 10% romance.flac	80
/home/pi/mount/UNISON SQUARE GARDEN/UNISON SQUARE GARDEN - MODE MOOD MODE/12 - 君の瞳に恋してない.flac	-	-	/home/pi/mount/UNISON SQUARE GARDEN/UNISON SQUARE GARDEN - MODE MOOD MODE/12 - 君の瞳に恋してない.flac	80
/home/pi/mount/UNISON SQUARE GARDEN/UNISON SQUARE GARDEN - Populus Populus/01 - 3 minutes replay.flac	-	-	/home/pi/mount/UNISON SQUARE GARDEN/UNISON SQUARE GARDEN - Populus Populus/01 - 3 minutes replay.flac	80
/home/pi/mount/UNISON SQUARE GARDEN/UNISON SQUARE GARDEN - Populus Populus/02 - kid, I like quartet.flac	-	-	/home/pi/mount/UNISON SQUARE GARDEN/UNISON SQUARE GARDEN - Populus Populus/02 - kid, I like quartet.flac	80
/home/pi/mount/UNISON SQUARE GARDEN/UNISON SQUARE GARDEN - Populus Populus/03 - プロトラクト・カウントダウン.flac	-	-	/home/pi/mount/UNISON SQUARE GARDEN/UNISON SQUARE GARDEN - Populus Populus/03 - プロトラクト・カウントダウン.flac	80
/home/pi/mount/UNISON SQUARE GARDEN/UNISON SQUARE GARDEN - Populus Populus/04 - きみのもとへ.flac	-	-	/home/pi/mount/UNISON SQUARE GARDEN/UNISON SQUARE GARDEN - Populus Populus/04 - きみのもとへ.flac	80
/home/pi/mount/UNISON SQUARE GARDEN/UNISON SQUARE GARDEN - Populus Populus/05 - 僕らのその先.flac	-	-	/home/pi/mount/UNISON SQUARE GARDEN/UNISON SQUARE GARDEN - Populus Populus/05 - 僕らのその先.flac	80
/home/pi/mount/UNISON SQUARE GARDEN/UNISON SQUARE GARDEN - Populus Populus/06 - スカースデイル.flac	-	-	/home/pi/mount/UNISON SQUARE GARDEN/UNISON SQUARE GARDEN - Populus Populus/06 - スカースデイル.flac	80
/home/pi/mount/UNISON SQUARE GARDEN/UNISON SQUARE GARDEN - Populus Populus/07 - ワールドワイド・スーパーガール.flac	-	-	/home/pi/mount/UNISON SQUARE GARDEN/UNISON SQUARE GARDEN - Populus Populus/07 - ワールドワイド・スーパーガール.flac	80
/home/pi/mount/UNISON SQUARE GARDEN/UNISON SQUARE GARDEN - Populus Populus/08 - CAPACITY超える.flac	-	-	/home/pi/mount/UNISON SQUARE GARDEN/UNISON SQUARE GARDEN - Populus Populus/08 - CAPACITY超える.flac	80
/home/pi/mount/UNISON SQUARE GARDEN/UNISON SQUARE GARDEN - Populus Populus/09 - 場違いハミングバード.flac	-	-	/home/pi/mount/UNISON SQUARE GARDEN/UNISON SQUARE GARDEN - Populus Populus/09 - 場違いハミングバード.flac	80
/home/pi/mount/UNISON SQUARE GARDEN/UNISON SQUARE GARDEN - Populus Populus/10 - カウンターアイデンティティ.flac	-	-	/home/pi/mount/UNISON SQUARE GARDEN/UNISON SQUARE GARDEN - Populus Populus/10 - カウンターアイデンティティ.flac	80
/home/pi/mount/UNISON SQUARE GARDEN/UNISON SQUARE GARDEN - Populus Populus/11 - 未完成デイジー.flac	-	-	/home/pi/mount/UNISON SQUARE GARDEN/UNISON SQUARE GARDEN - Populus Populus/11 - 未完成デイジー.flac	80
/home/pi/mount/UNISON SQUARE GARDEN/UNISON SQUARE GARDEN - Populus Populus/12 - オリオンをなぞる.flac	-	-	/home/pi/mount/UNISON SQUARE GARDEN/UNISON SQUARE GARDEN - Populus Populus/12 - オリオンをなぞる.flac	80
/home/pi/mount/UNISON SQUARE GARDEN/UNISON SQUARE GARDEN - Populus Populus/13 - シュプレヒコール〜世界が終わる前に〜.flac	-	-	/home/pi/mount/UNISON SQUARE GARDEN/UNISON SQUARE GARDEN - Populus Populus/13 - シュプレヒコール〜世界が終わる前に〜.flac	80
/home/pi/mount/UNISON SQUARE GARDEN/UNISON SQUARE GARDEN - UNISON SQUARE GARDEN/01 - カラクリカルカレ.flac	-	-	/home/pi/mount/UNISON SQUARE GARDEN/UNISON SQUARE GARDEN - UNISON SQUARE GARDEN/01 - カラクリカルカレ.flac	80
/home/pi/mount/UNISON SQUARE GARDEN/UNISON SQUARE GARDEN - UNISON SQUARE GARDEN/02 - センチメンタルピリオド.flac	-	-	/home/pi/mount/UNISON SQUARE GARDEN/UNISON SQUARE GARDEN - UNISON SQUARE GARDEN/02 - センチメンタルピリオド.flac	80
/home/pi/mount/UNISON SQUARE GARDEN/UNISON SQUARE GARDEN - UNISON SQUARE GARDEN/03 - サンポサキマイライフ.flac	-	-	/home/pi/mount/UNISON SQUARE GARDEN/UNISON SQUARE GARDEN - UNISON SQUARE GARDEN/03 - サンポサキマイライフ.flac	80
/home/pi/mount/UNISON SQUARE GARDEN/UNISON SQUARE GARDEN - UNISON SQUARE GARDEN/04 - デイライ協奏楽団.flac	-	-	/home/pi/mount/UNISON SQUARE GARDEN/UNISON SQUARE GARDEN - UNISON SQUARE GARDEN/04 - デイライ協奏楽団.flac	80
/home/pi/mount/UNISON SQUARE GARDEN/UNISON SQUARE GARDEN - UNISON SQUARE GARDEN/05 - 等身大の地球.flac	-	-	/home/pi/mount/UNISON SQUARE GARDEN/UNISON SQUARE GARDEN - UNISON SQUARE GARDEN/05 - 等身大の地球.flac	80
/home/pi/mount/UNISON SQUARE GARDEN/UNISON SQUARE GARDEN - UNISON SQUARE GARDEN/06 - MR.アンディ -party style-.flac	-	-	/home/pi/mount/UNISON SQUARE GARDEN/UNISON SQUARE GARDEN - UNISON SQUARE GARDEN/06 - MR.アンディ -party style-.flac	80
/home/pi/mount/UNISON SQUARE GARDEN/UNISON SQUARE GARDEN - UNISON SQUARE GARDEN/07 - WINDOW開ける.flac	-	-	/home/pi/mount/UNISON SQUARE GARDEN/UNISON SQUARE GARDEN - UNISON SQUARE GARDEN/07 - WINDOW開ける.flac	80
/home/pi/mount/UNISON SQUARE GARDEN/UNISON SQUARE GARDEN - UNISON SQUARE GARDEN/08 - マスターボリューム.flac	-	-	/home/pi/mount/UNISON SQUARE GARDEN/UNISON SQUARE GARDEN - UNISON SQUARE GARDEN/08 - マスターボリューム.flac	80
/home/pi/mount/UNISON SQUARE GARDEN/UNISON SQUARE GARDEN - UNISON SQUARE GARDEN/09 - いつかの少年.flac	-	-	/home/pi/mount/UNISON SQUARE GARDEN/UNISON SQUARE GARDEN - UNISON SQUARE GARDEN/09 - いつかの少年.flac	80
/home/pi/mount/UNISON SQUARE GARDEN/UNISON SQUARE GARDEN - UNISON SQUARE GARDEN/10 - 箱庭ロック・ショー.flac	-	-	/home/pi/mount/UNISON SQUARE GARDEN/UNISON SQUARE GARDEN - UNISON SQUARE GARDEN/10 - 箱庭ロック・ショー.flac	80
/home/pi/mount/UNISON SQUARE GARDEN/UNISON SQUARE GARDEN - UNISON SQUARE GARDEN/11 - クローバー.flac	-	-	/home/pi/mount/UNISON SQUARE GARDEN/UNISON SQUARE GARDEN - UNISON SQUARE GARDEN/11 - クローバー.flac	80
/home/pi/mount/UNISON SQUARE GARDEN/UNISON SQUARE GARDEN - オリオンをなぞる/01 - オリオンをなぞる.flac	-	-	/home/pi/mount/UNISON SQUARE GARDEN/UNISON SQUARE GARDEN - オリオンをなぞる/01 - オリオンをなぞる.flac	80
/home/pi/mount/UNISON SQUARE GARDEN/UNISON SQUARE GARDEN - オリオンをなぞる/02 - 僕は君になりたい.flac	-	-	/home/pi/mount/UNISON SQUARE GARDEN/UNISON SQUARE GARDEN - オリオンをなぞる/02 - 僕は君になりたい.flac	80
/home/pi/mount/UNISON SQUARE GARDEN/UNISON SQUARE GARDEN - オリオンをなぞる/03 - UNOストーリー.flac	-	-	/home/pi/mount/UNISON SQUARE GARDEN/UNISON SQUARE GARDEN - オリオンをなぞる/03 - UNOストーリー.flac	80
/home/pi/mount/UNISON SQUARE GARDEN/UNISON SQUARE GARDEN - オリオンをなぞる/04 - over driver.flac	-	-	/home/pi/mount/UNISON SQUARE GARDEN/UNISON SQUARE GARDEN - オリオンをなぞる/04 - over driver.flac	80
/home/pi/mount/UNISON SQUARE GARDEN/UNISON SQUARE GARDEN - オリオンをなぞる/05 - カラクリカルカレ.flac	-	-	/home/pi/mount/UNISON SQUARE GARDEN/UNISON SQUARE GARDEN - オリオンをなぞる/05 - カラクリカルカレ.flac	80
/home/pi/mount/UNISON SQUARE GARDEN/UNISON SQUARE GARDEN - オリオンをなぞる/06 - 23_25.flac	-	-	/home/pi/mount/UNISON SQUARE GARDEN/UNISON SQUARE GARDEN - オリオンをなぞる/06 - 23_25.flac	80
/home/pi/mount/UNISON SQUARE GARDEN/UNISON SQUARE GARDEN - オリオンをなぞる/07 - ガリレオのショーケース.flac	-	-	/home/pi/mount/UNISON SQUARE GARDEN/UNISON SQUARE GARDEN - オリオンをなぞる/07 - ガリレオのショーケース.flac	80
/home/pi/mount/UNISON SQUARE GARDEN/UNISON SQUARE GARDEN - 新世界ノート/01 - UNISON SQUARE GARDEN - アナザーワールド.flac	-	-	/home/pi/mount/UNISON SQUARE GARDEN/UNISON SQUARE GARDEN - 新世界ノート/01 - UNISON SQUARE GARDEN - アナザーワールド.flac	80
/home/pi/mount/UNISON SQUARE GARDEN/UNISON SQUARE GARDEN - 新世界ノート/02 - UNISON SQUARE GARDEN - センチメンタルピリオド.flac	-	-	/home/pi/mount/UNISON SQUARE GARDEN/UNISON SQUARE GARDEN - 新世界ノート/02 - UNISON SQUARE GARDEN - センチメンタルピリオド.flac	80
/home/pi/mount/UNISON SQUARE GARDEN/UNISON SQUARE GARDEN - 新世界ノート/03 - UNISON SQUARE GARDEN - さよなら第九惑星.flac	-	-	/home/pi/mount/UNISON SQUARE GARDEN/UNISON SQUARE GARDEN - 新世界ノート/03 - UNISON SQUARE GARDEN - さよなら第九惑星.flac	80
/home/pi/mount/UNISON SQUARE GARDEN/UNISON SQUARE GARDEN - 新世界ノート/04 - UNISON SQUARE GARDEN - サーチライト.flac	-	-	/home/pi/mount/UNISON SQUARE GARDEN/UNISON SQUARE GARDEN - 新世界ノート/04 - UNISON SQUARE GARDEN - サーチライト.flac	80
/home/pi/mount/UNISON SQUARE GARDEN/UNISON SQUARE GARDEN - 新世界ノート/05 - UNISON SQUARE GARDEN - ライトフライト.flac	-	-	/home/pi/mount/UNISON SQUARE GARDEN/UNISON SQUARE GARDEN - 新世界ノート/05 - UNISON SQUARE GARDEN - ライトフライト.flac	80
/home/pi/mount/UNISON SQUARE GARDEN/UNISON SQUARE GARDEN - 新世界ノート/06 - UNISON SQUARE GARDEN - 箱庭ロック・ショー.flac	-	-	/home/pi/mount/UNISON SQUARE GARDEN/UNISON SQUARE GARDEN - 新世界ノート/06 - UNISON SQUARE GARDEN - 箱庭ロック・ショー.flac	80
/home/pi/mount/UNISON SQUARE GARDEN/UNISON SQUARE GARDEN - 流星前夜/01 - 流星前夜.flac	-	-	/home/pi/mount/UNISON SQUARE GARDEN/UNISON SQUARE GARDEN - 流星前夜/01 - 流星前夜.flac	80
/home/pi/mount/UNISON SQUARE GARDEN/UNISON SQUARE GARDEN - 流星前夜/02 - フルカラープログラム.flac	-	-	/home/pi/mount/UNISON SQUARE GARDEN/UNISON SQUARE GARDEN - 流星前夜/02 - フルカラープログラム.flac	80
/home/pi/mount/UNISON SQUARE GARDEN/UNISON SQUARE GARDEN - 流星前夜/03 - 水と雨について.flac	-	-	/home/pi/mount/UNISON SQUARE GARDEN/UNISON SQUARE GARDEN - 流星前夜/03 - 水と雨について.flac	80
/home/pi/mount/UNISON SQUARE GARDEN/UNISON SQUARE GARDEN - 流星前夜/04 - 2月、白昼の流れ星と飛行機雲.flac	-	-	/home/pi/mount/UNISON SQUARE GARDEN/UNISON SQUARE GARDEN - 流星前夜/04 - 2月、白昼の流れ星と飛行機雲.flac	80
/home/pi/mount/UNISON SQUARE GARDEN/UNISON SQUARE GARDEN - 流星前夜/05 - MR.アンディ.flac	-	-	/home/pi/mount/UNISON SQUARE GARDEN/UNISON SQUARE GARDEN - 流星前夜/05 - MR.アンディ.flac	80
/home/pi/mount/UNISON SQUARE GARDEN/UNISON SQUARE GARDEN - 流星前夜/06 - 流星行路.flac	-	-	/home/pi/mount/UNISON SQUARE GARDEN/UNISON SQUARE GARDEN - 流星前夜/06 - 流星行路.flac	80
/home/pi/mount/YMO/0012649627.flac	    ARTIST          : YELLOW MAGIC ORCHESTRA	    ALBUM           : ソリッド・ステイト・サヴァイヴァー(2018 Bob Ludwig Remastering)	    TITLE           : TECHNOPOLIS(2018 Bob Ludwig Remastering)	80
/home/pi/mount/YMO/0012649628.flac	    ARTIST          : YELLOW MAGIC ORCHESTRA	    ALBUM           : ソリッド・ステイト・サヴァイヴァー(2018 Bob Ludwig Remastering)	    TITLE           : ABSOLUTE EGO DANCE(2018 Bob Ludwig Remastering)	80
/home/pi/mount/YMO/0012649629.flac	    ARTIST          : YELLOW MAGIC ORCHESTRA	    ALBUM           : ソリッド・ステイト・サヴァイヴァー(2018 Bob Ludwig Remastering)	    TITLE           : RYDEEN(2018 Bob Ludwig Remastering)	80
/home/pi/mount/YMO/0012649630.flac	    ARTIST          : YELLOW MAGIC ORCHESTRA	    ALBUM           : ソリッド・ステイト・サヴァイヴァー(2018 Bob Ludwig Remastering)	    TITLE           : CASTALIA(2018 Bob Ludwig Remastering)	80
/home/pi/mount/YMO/0012649631.flac	    ARTIST          : YELLOW MAGIC ORCHESTRA	    ALBUM           : ソリッド・ステイト・サヴァイヴァー(2018 Bob Ludwig Remastering)	    TITLE           : BEHIND THE MASK(2018 Bob Ludwig Remastering)	80
/home/pi/mount/YMO/0012649632.flac	    ARTIST          : YELLOW MAGIC ORCHESTRA	    ALBUM           : ソリッド・ステイト・サヴァイヴァー(2018 Bob Ludwig Remastering)	    TITLE           : DAY TRIPPER(2018 Bob Ludwig Remastering)	80
/home/pi/mount/YMO/0012649634.flac	    ARTIST          : YELLOW MAGIC ORCHESTRA	    ALBUM           : ソリッド・ステイト・サヴァイヴァー(2018 Bob Ludwig Remastering)	    TITLE           : SOLID STATE SURVIVOR(2018 Bob Ludwig Remastering)	80
/home/pi/mount/douga/sm11423568 - 【ニコカラ】 こっち向いて Baby 【高画質・音質版】 on vocal.mp4	-	-	/home/pi/mount/douga/sm11423568 - 【ニコカラ】 こっち向いて Baby 【高画質・音質版】 on vocal.mp4	80
/home/pi/mount/douga/sm23018774 - 捕まえちゃう！(On Vocal).mp4	-	-	/home/pi/mount/douga/sm23018774 - 捕まえちゃう！(On Vocal).mp4	80
/home/pi/mount/douga/sm25574336 - 【ニコカラHD】友情ノーチェンジ - μ's(On vocal)[超高画質].mp4	-	-	/home/pi/mount/douga/sm25574336 - 【ニコカラHD】友情ノーチェンジ - μ's(On vocal)[超高画質].mp4	80
/home/pi/mount/douga/smile.mp4	-	-	/home/pi/mount/douga/smile.mp4	80
/home/pi/mount/douga/シュガーソングとビターステップ.m4v	-	-	/home/pi/mount/douga/シュガーソングとビターステップ.m4v	80
/home/pi/mount/mp3/Pizzicato Five - Sister Freedom Tapes/01 - Airplane '96.mp3	    artist          : Pizzicato Five	    album           : Sister Freedom Tapes	    title           : Airplane '96	80
/home/pi/mount/mp3/Pizzicato Five - Sister Freedom Tapes/02 - Domino.mp3	    artist          : Pizzicato Five	    album           : Sister Freedom Tapes	    title           : Domino	80
/home/pi/mount/mp3/Pizzicato Five - Sister Freedom Tapes/03 - Snowflakes.mp3	    artist          : Pizzicato Five	    album           : Sister Freedom Tapes	    title           : Snowflakes	80
/home/pi/mount/mp3/Pizzicato Five - Sister Freedom Tapes/04 - Chicken Curry.mp3	    artist          : Pizzicato Five	    album           : Sister Freedom Tapes	    title           : Chicken Curry	80
/home/pi/mount/mp3/Pizzicato Five - Sister Freedom Tapes/05 - Mini Cooper.mp3	    artist          : Pizzicato Five	    album           : Sister Freedom Tapes	    title           : Mini Cooper	80
/home/pi/mount/mp3/Pizzicato Five - Sister Freedom Tapes/06 - Holger & Marcus.mp3	    artist          : Pizzicato Five	    album           : Sister Freedom Tapes	    title           : Holger & Marcus	80
/home/pi/mount/mp3/Pizzicato Five - Sister Freedom Tapes/07 - Cornflakes.mp3	    artist          : Pizzicato Five	    album           : Sister Freedom Tapes	    title           : Cornflakes	80
/home/pi/mount/mp3/Pizzicato Five - Sister Freedom Tapes/08 - To Our Children's Children's Children.mp3	    artist          : Pizzicato Five	    album           : Sister Freedom Tapes	    title           : To Our Children's Children's Children	80
/home/pi/mount/mp3/Pizzicato Five - Sister Freedom Tapes/09 - Passing By.mp3	    artist          : Pizzicato Five	    album           : Sister Freedom Tapes	    title           : Passing By	80
/home/pi/mount/mp3/Pizzicato Five - combinaison SPACIALE ep/01 - ベイビィ・ポータブル・ロック (BABY MEXICAN ROCK VERSION).mp3	    artist          : Pizzicato Five	    album           : combinaison SPACIALE ep	    title           : ベイビィ・ポータブル・ロック (BABY MEXICAN ROCK VERSION)	80
/home/pi/mount/mp3/Pizzicato Five - combinaison SPACIALE ep/02 - アイスクリーム・メルティン・メロウ (MARIN MIX 2).mp3	    artist          : Pizzicato Five	    album           : combinaison SPACIALE ep	    title           : アイスクリーム・メルティン・メロウ (MARIN MIX 2)	80
/home/pi/mount/mp3/Pizzicato Five - combinaison SPACIALE ep/03 - コンタクト (PERCOLATOR MIX).mp3	    artist          : Pizzicato Five	    album           : combinaison SPACIALE ep	    title           : コンタクト (PERCOLATOR MIX)	80
/home/pi/mount/mp3/Pizzicato Five - combinaison SPACIALE ep/04 - good (SAMOAN ATTORNEY MIX).mp3	    artist          : Pizzicato Five	    album           : combinaison SPACIALE ep	    title           : good (SAMOAN ATTORNEY MIX)	80
/home/pi/mount/mp3/Pizzicato Five - combinaison SPACIALE ep/05 - トウキョウ・モナムール (DISCOTIQUE 96 MIX) (featuring 久米大作 at the organ).mp3	    artist          : Pizzicato Five	    album           : combinaison SPACIALE ep	    title           : トウキョウ・モナムール (DISCOTIQUE 96 MIX) (featuring 久米大作 at the organ)	80
/home/pi/mount/mp3/Pizzicato Five - combinaison SPACIALE ep/06 - アイスクリーム・メルティン・メロウ (MARIN MIX 1).mp3	    artist          : Pizzicato Five	    album           : combinaison SPACIALE ep	    title           : アイスクリーム・メルティン・メロウ (MARIN MIX 1)	80
/home/pi/mount/mp3/Pizzicato Five - pizzicato five TYO/01 - We Love Pizzicato Five.mp3	    artist          : Pizzicato Five	    album           : pizzicato five TYO	    title           : We Love Pizzicato Five	80
/home/pi/mount/mp3/Pizzicato Five - pizzicato five TYO/02 - スウィートソウルレヴュー.mp3	    artist          : Pizzicato Five	    album           : pizzicato five TYO	    title           : スウィート・ソウル・レヴュー	80
/home/pi/mount/mp3/Pizzicato Five - pizzicato five TYO/03 - 東京は夜の七時.mp3	    artist          : Pizzicato Five	    album           : pizzicato five TYO	    title           : 東京は夜の七時	80
/home/pi/mount/mp3/Pizzicato Five - pizzicato five TYO/04 - 我が名はグルーヴィー.mp3	    artist          : Pizzicato Five	    album           : pizzicato five TYO	    title           : 我が名はグルーヴィー	80
/home/pi/mount/mp3/Pizzicato Five - pizzicato five TYO/05 - トゥイギートゥイギー.mp3	    artist          : Pizzicato Five	    album           : pizzicato five TYO	    title           : トゥイギー・トゥイギー ～ トゥイギー対ジェームズ・ポンド	80
/home/pi/mount/mp3/Pizzicato Five - pizzicato five TYO/06 - 大人になりましょう.mp3	    artist          : Pizzicato Five	    album           : pizzicato five TYO	    title           : 大人になりましょう	80
/home/pi/mount/mp3/Pizzicato Five - pizzicato five TYO/07 - CDJ.mp3	    artist          : Pizzicato Five	    album           : pizzicato five TYO	    title           : CDJ	80
/home/pi/mount/mp3/Pizzicato Five - pizzicato five TYO/08 - 陽の当たる大通り.mp3	    artist          : Pizzicato Five	    album           : pizzicato five TYO	    title           : 陽の当たる大通り [Sunday Morning Takimix]	80
/home/pi/mount/mp3/Pizzicato Five - pizzicato five TYO/09 - ハッピー・サッド.mp3	    artist          : Pizzicato Five	    album           : pizzicato five TYO	    title           : ハッピー・サッド	80
/home/pi/mount/mp3/Pizzicato Five - pizzicato five TYO/10 - キャッチー.mp3	    artist          : Pizzicato Five	    album           : pizzicato five TYO	    title           : キャッチー [Voltage Unlimited Catchy]	80
/home/pi/mount/mp3/Pizzicato Five - pizzicato five TYO/11 - サンキュー.mp3	    artist          : Pizzicato Five	    album           : pizzicato five TYO	    title           : サンキュー	80
/home/pi/mount/mp3/Pizzicato Five - pizzicato five TYO/12 - マジックカーペットライド.mp3	    artist          : Pizzicato Five	    album           : pizzicato five TYO	    title           : マジック・カーペット・ライド	80
/home/pi/mount/mp3/Pizzicato Five - pizzicato five TYO/13 - We Love Pizzicato Five.mp3	    artist          : Pizzicato Five	    album           : pizzicato five TYO	    title           : We Love Pizzicato Five	80
/home/pi/mount/mp3/Pizzicato Five - pizzicato five TYO/14 - 万事快調.mp3	    artist          : Pizzicato Five	    album           : pizzicato five TYO	    title           : 万事快調	80
/home/pi/mount/record192/Niagara/NiagaraTriangleVol2_a.flac	    ARTIST          : NiagaraTriangle	-	/home/pi/mount/record192/Niagara/NiagaraTriangleVol2_a.flac	80
/home/pi/mount/record192/Niagara/NiagaraTriangleVol2_b.flac	    ARTIST          : NiagaraTriangle	-	/home/pi/mount/record192/Niagara/NiagaraTriangleVol2_b.flac	80
/home/pi/mount/record192/RichardClayderman/RichardClayderman_a.flac	    ARTIST          : RichardClayderman	-	/home/pi/mount/record192/RichardClayderman/RichardClayderman_a.flac	80
/home/pi/mount/record192/RichardClayderman/RichardClayderman_b.flac	    ARTIST          : RichardClayderman	-	/home/pi/mount/record192/RichardClayderman/RichardClayderman_b.flac	80
/home/pi/mount/record192/RichardClayderman/リチャード・クレイダーマン/1-0007187140.flac	    ARTIST          : リチャード・クレイダーマン(ピアノ)	    ALBUM           : リチャード・クレイダーマン ◎ ハイレゾ・ベスト	    TITLE           : 渚のアデリーヌ (Paul de Senneville)	80
/home/pi/mount/record192/RichardClayderman/リチャード・クレイダーマン/10-0007187149.flac	    ARTIST          : リチャード・クレイダーマン(ピアノ)	    ALBUM           : リチャード・クレイダーマン ◎ ハイレゾ・ベスト	    TITLE           : ホフマンの舟歌 (Offenbach - Arr. O.Toussaint - G.Salesses)	80
/home/pi/mount/record192/RichardClayderman/リチャード・クレイダーマン/11-0007187150.flac	    ARTIST          : リチャード・クレイダーマン(ピアノ)	    ALBUM           : リチャード・クレイダーマン ◎ ハイレゾ・ベスト	    TITLE           : 恋はみずいろ (A. Popp - P. Cour - B. Blackburn)	80
/home/pi/mount/record192/RichardClayderman/リチャード・クレイダーマン/12-0007187151.flac	    ARTIST          : リチャード・クレイダーマン(ピアノ)	    ALBUM           : リチャード・クレイダーマン ◎ ハイレゾ・ベスト	    TITLE           : ラヴ・ミー・テンダー (V. Matson)	80
/home/pi/mount/record192/RichardClayderman/リチャード・クレイダーマン/13-0007187152.flac	    ARTIST          : リチャード・クレイダーマン(ピアノ)	    ALBUM           : リチャード・クレイダーマン ◎ ハイレゾ・ベスト	    TITLE           : イエスタデイ (J.Lennon - P. McCartney)	80
/home/pi/mount/record192/RichardClayderman/リチャード・クレイダーマン/14-0007187153.flac	    ARTIST          : リチャード・クレイダーマン(ピアノ)	    ALBUM           : リチャード・クレイダーマン ◎ ハイレゾ・ベスト	    TITLE           : ミッシェル (J.Lennon - P. McCartney)	80
/home/pi/mount/record192/RichardClayderman/リチャード・クレイダーマン/15-0007187154.flac	    ARTIST          : リチャード・クレイダーマン(ピアノ)	    ALBUM           : リチャード・クレイダーマン ◎ ハイレゾ・ベスト	    TITLE           : 慕情 (S.Fain - P.F. Webster)	80
/home/pi/mount/record192/RichardClayderman/リチャード・クレイダーマン/16-0007187155.flac	    ARTIST          : リチャード・クレイダーマン(ピアノ)	    ALBUM           : リチャード・クレイダーマン ◎ ハイレゾ・ベスト	    TITLE           : メモリー ～ミュージカル「キャッツ」より (A.L.Webber - T. Nunn - T.S. Eliot)	80
/home/pi/mount/record192/RichardClayderman/リチャード・クレイダーマン/17-0007187156.flac	    ARTIST          : リチャード・クレイダーマン(ピアノ)	    ALBUM           : リチャード・クレイダーマン ◎ ハイレゾ・ベスト	    TITLE           : ララのテーマ ～映画「ドクトル・ジバゴ」より (M. Jarre - P.F. Webster - H. Ithier)	80
/home/pi/mount/record192/RichardClayderman/リチャード・クレイダーマン/2-0007187141.flac	    ARTIST          : リチャード・クレイダーマン(ピアノ)	    ALBUM           : リチャード・クレイダーマン ◎ ハイレゾ・ベスト	    TITLE           : 星空のピアニスト (P.de Senneville - O. Toussaint)	80
/home/pi/mount/record192/RichardClayderman/リチャード・クレイダーマン/3-0007187142.flac	    ARTIST          : リチャード・クレイダーマン(ピアノ)	    ALBUM           : リチャード・クレイダーマン ◎ ハイレゾ・ベスト	    TITLE           : 恋はピンポン (O.Toussaint)	80
/home/pi/mount/record192/RichardClayderman/リチャード・クレイダーマン/4-0007187143.flac	    ARTIST          : リチャード・クレイダーマン(ピアノ)	    ALBUM           : リチャード・クレイダーマン ◎ ハイレゾ・ベスト	    TITLE           : 想い出を売る店 (P. de Senneville - J. Baudlot - P. de Senneville)	80
/home/pi/mount/record192/RichardClayderman/リチャード・クレイダーマン/5-0007187144.flac	    ARTIST          : リチャード・クレイダーマン(ピアノ)	    ALBUM           : リチャード・クレイダーマン ◎ ハイレゾ・ベスト	    TITLE           : 夢の中のウェディング (P. de Senneville - O. Toussaint)	80
/home/pi/mount/record192/RichardClayderman/リチャード・クレイダーマン/6-0007187145.flac	    ARTIST          : リチャード・クレイダーマン(ピアノ)	    ALBUM           : リチャード・クレイダーマン ◎ ハイレゾ・ベスト	    TITLE           : パンドラの旅 (O.Toussaint)	80
/home/pi/mount/record192/RichardClayderman/リチャード・クレイダーマン/7-0007187146.flac	    ARTIST          : リチャード・クレイダーマン(ピアノ)	    ALBUM           : リチャード・クレイダーマン ◎ ハイレゾ・ベスト	    TITLE           : ドランの微笑 (P.de Senneville - O. Toussaint)	80
/home/pi/mount/record192/RichardClayderman/リチャード・クレイダーマン/8-0007187147.flac	    ARTIST          : リチャード・クレイダーマン(ピアノ)	    ALBUM           : リチャード・クレイダーマン ◎ ハイレゾ・ベスト	    TITLE           : 運命 '80 (Beethoven - Mozart - P. de Senneville - Slade - Arr. O.Toussaint - G. Salesses)	80
/home/pi/mount/record192/RichardClayderman/リチャード・クレイダーマン/9-0007187148.flac	    ARTIST          : リチャード・クレイダーマン(ピアノ)	    ALBUM           : リチャード・クレイダーマン ◎ ハイレゾ・ベスト	    TITLE           : リストの愛の夢 (Liszt - Arr. O.Toussaint - G. Salesses)	80
/home/pi/mount/record192/alfee/alfee_PageOne_a.flac	-	-	/home/pi/mount/record192/alfee/alfee_PageOne_a.flac	80
/home/pi/mount/record192/alfee/alfee_PageOne_b.flac	-	-	/home/pi/mount/record192/alfee/alfee_PageOne_b.flac	80
/home/pi/mount/record192/alfee/alfee_law_a.flac	-	-	/home/pi/mount/record192/alfee/alfee_law_a.flac	80
/home/pi/mount/record192/alfee/alfee_law_b.flac	-	-	/home/pi/mount/record192/alfee/alfee_law_b.flac	80
/home/pi/mount/record192/iruka/iruka_live_1.flac	-	-	/home/pi/mount/record192/iruka/iruka_live_1.flac	80
/home/pi/mount/record192/iruka/iruka_live_2.flac	-	-	/home/pi/mount/record192/iruka/iruka_live_2.flac	80
/home/pi/mount/record192/iruka/iruka_tiisanasota_1.flac	-	-	/home/pi/mount/record192/iruka/iruka_tiisanasota_1.flac	80
/home/pi/mount/record192/iruka/iruka_tiisanasota_2.flac	-	-	/home/pi/mount/record192/iruka/iruka_tiisanasota_2.flac	80
/home/pi/mount/record192/offcourse/AsCloseAsPossible_a.flac	    ARTIST          : OffCourse	-	/home/pi/mount/record192/offcourse/AsCloseAsPossible_a.flac	80
/home/pi/mount/record192/offcourse/AsCloseAsPossible_b.flac	    ARTIST          : OffCourse	-	/home/pi/mount/record192/offcourse/AsCloseAsPossible_b.flac	80
/home/pi/mount/record192/offcourse/BestYearOfMyLife_a.flac	    ARTIST          : OffCourse	-	/home/pi/mount/record192/offcourse/BestYearOfMyLife_a.flac	80
/home/pi/mount/record192/offcourse/BestYearOfMyLife_b.flac	    ARTIST          : OffCourse	-	/home/pi/mount/record192/offcourse/BestYearOfMyLife_b.flac	80
/home/pi/mount/record192/offcourse/K_Oda_a2.flac	    ARTIST          : 小田和正	-	/home/pi/mount/record192/offcourse/K_Oda_a2.flac	80
/home/pi/mount/record192/offcourse/K_Oda_b.flac	    ARTIST          : 小田和正	-	/home/pi/mount/record192/offcourse/K_Oda_b.flac	80
/home/pi/mount/record192/offcourse/OffCourse_BackStreetsOfTokyo_a.flac	    ARTIST          : OffCourse	-	/home/pi/mount/record192/offcourse/OffCourse_BackStreetsOfTokyo_a.flac	80
/home/pi/mount/record192/offcourse/OffCourse_BackStreetsOfTokyo_b.flac	    ARTIST          : OffCourse	-	/home/pi/mount/record192/offcourse/OffCourse_BackStreetsOfTokyo_b.flac	80
/home/pi/mount/record192/offcourse/OffCourse_Selection1973-78_a.flac	    ARTIST          : OffCourse	-	/home/pi/mount/record192/offcourse/OffCourse_Selection1973-78_a.flac	80
/home/pi/mount/record192/offcourse/OffCourse_Selection1973-78_b.flac	    ARTIST          : OffCourse	-	/home/pi/mount/record192/offcourse/OffCourse_Selection1973-78_b.flac	80
/home/pi/mount/record192/offcourse/OffCourse_Selection1978-81_a.flac	    ARTIST          : OffCourse	-	/home/pi/mount/record192/offcourse/OffCourse_Selection1978-81_a.flac	80
/home/pi/mount/record192/offcourse/OffCourse_Selection1978-81_b.flac	    ARTIST          : OffCourse	-	/home/pi/mount/record192/offcourse/OffCourse_Selection1978-81_b.flac	80
/home/pi/mount/record192/offcourse/Over_a.flac	    ARTIST          : OffCourse	-	/home/pi/mount/record192/offcourse/Over_a.flac	80
/home/pi/mount/record192/offcourse/Over_b.flac	    ARTIST          : OffCourse	-	/home/pi/mount/record192/offcourse/Over_b.flac	80
/home/pi/mount/record192/ozaki/Ozaki_kaikisen_a.flac	-	-	/home/pi/mount/record192/ozaki/Ozaki_kaikisen_a.flac	80
/home/pi/mount/record192/ozaki/Ozaki_kaikisen_b.flac	-	-	/home/pi/mount/record192/ozaki/Ozaki_kaikisen_b.flac	80
/home/pi/mount/record384/Culture/CultureClub_ColourByNumbers_1.flac	-	-	/home/pi/mount/record384/Culture/CultureClub_ColourByNumbers_1.flac	80
/home/pi/mount/record384/Culture/CultureClub_ColourByNumbers_2.flac	-	-	/home/pi/mount/record384/Culture/CultureClub_ColourByNumbers_2.flac	80
/home/pi/mount/record384/iruka/iruka_FollowMe_1.flac	-	-	/home/pi/mount/record384/iruka/iruka_FollowMe_1.flac	80
/home/pi/mount/record384/iruka/iruka_FollowMe_2.flac	-	-	/home/pi/mount/record384/iruka/iruka_FollowMe_2.flac	80
/home/pi/mount/record384/iruka/iruka_我が心の友へ_1.flac	-	-	/home/pi/mount/record384/iruka/iruka_我が心の友へ_1.flac	80
/home/pi/mount/record384/iruka/iruka_我が心の友へ_2.flac	-	-	/home/pi/mount/record384/iruka/iruka_我が心の友へ_2.flac	80
/home/pi/mount/record384/iruka/僕のLovely Girl.flac	-	-	/home/pi/mount/record384/iruka/僕のLovely Girl.flac	80
/home/pi/mount/record384/天気の子/tenkinoko_a.flac	-	-	/home/pi/mount/record384/天気の子/tenkinoko_a.flac	80
/home/pi/mount/record384/天気の子/tenkinoko_b.flac	-	-	/home/pi/mount/record384/天気の子/tenkinoko_b.flac	80
/home/pi/mount/record384/天気の子/tenkinoko_c.flac	-	-	/home/pi/mount/record384/天気の子/tenkinoko_c.flac	80
/home/pi/mount/record384/天気の子/tenkinoko_d.flac	-	-	/home/pi/mount/record384/天気の子/tenkinoko_d.flac	80
/home/pi/mount/wav/tgma/BGM_ending.wav	-	-	/home/pi/mount/wav/tgma/BGM_ending.wav	80
/home/pi/mount/wav/tgma/BGM_game_a.wav	-	-	/home/pi/mount/wav/tgma/BGM_game_a.wav	80
/home/pi/mount/wav/tgma/BGM_game_b.wav	-	-	/home/pi/mount/wav/tgma/BGM_game_b.wav	80
/home/pi/mount/wav/tgma/BGM_game_c.wav	-	-	/home/pi/mount/wav/tgma/BGM_game_c.wav	80
/home/pi/mount/wav/tgma/BGM_game_d.wav	-	-	/home/pi/mount/wav/tgma/BGM_game_d.wav	80
/home/pi/mount/wav/tgma/BGM_game_e.wav	-	-	/home/pi/mount/wav/tgma/BGM_game_e.wav	80
/home/pi/mount/wav/tgma/BGM_game_f.wav	-	-	/home/pi/mount/wav/tgma/BGM_game_f.wav	80
/home/pi/mount/wav/tgma/BGM_game_g.wav	-	-	/home/pi/mount/wav/tgma/BGM_game_g.wav	80
/home/pi/mount/wav/tgma/BGM_game_h.wav	-	-	/home/pi/mount/wav/tgma/BGM_game_h.wav	80
/home/pi/mount/wav/tgma/BGM_kachusha.wav	-	-	/home/pi/mount/wav/tgma/BGM_kachusha.wav	80
/home/pi/mount/wav/tgma/BGM_kalinka.wav	-	-	/home/pi/mount/wav/tgma/BGM_kalinka.wav	80
/home/pi/mount/wav/tgma/BGM_korobuchika.wav	-	-	/home/pi/mount/wav/tgma/BGM_korobuchika.wav	80
/home/pi/mount/wav/tgma/BGM_menu.wav	-	-	/home/pi/mount/wav/tgma/BGM_menu.wav	80
/home/pi/mount/wav/tgma/BGM_opening.wav	-	-	/home/pi/mount/wav/tgma/BGM_opening.wav	80
/home/pi/mount/wav/tgma/BGM_select_game.wav	-	-	/home/pi/mount/wav/tgma/BGM_select_game.wav	80
/home/pi/mount/wav/tgma/BGM_vs.wav	-	-	/home/pi/mount/wav/tgma/BGM_vs.wav	80
